<assembly>
	<id>page-package</id>
	<formats>
		<format>zip</format>
	</formats>
	<includeBaseDirectory>false</includeBaseDirectory>
	<fileSets>
		<fileSet>
			<directory>${project.basedir}/src/main/groovy</directory>
			<outputDirectory>/</outputDirectory>
			<includes>
				<include>**/*</include>
			</includes>
		</fileSet>
		<fileSet>
			<directory>${project.basedir}/src/main/resources</directory>
			<outputDirectory>/</outputDirectory>
			<includes>
				<include>**/*</include>
			</includes>
		</fileSet>
	</fileSets>
     <dependencySets>
        <dependencySet>
            <includes>
                <include>*:jar</include>
            </includes>
             <useProjectArtifact>false</useProjectArtifact>
            <scope>runtime</scope>
            <outputDirectory>/lib</outputDirectory>
        </dependencySet>
    </dependencySets>
</assembly>